{
    "pass@1": {
        "mutant_1": {
            "humaneval": {
                "passat10_codegen-2B": 0.012499999999999999,
                "passat10_codegen2-1B": 0.0032894736842105257,
                "passat10_incoder-1B": 0.0046052631578947355,
                "passat10_santacoder": 0.02631578947368421,
                "passat10_llama3-1b": 0.013157894736842103,
                "passat10_chatgpt": 0.15723684210526317
            },
            "mbpp": {
                "passat10_codegen-2B": 0.014960629921259842,
                "passat10_codegen2-1B": 0.0049868766404199474,
                "passat10_incoder-1B": 0.01128608923884514,
                "passat10_santacoder": 0.030446194225721788,
                "passat10_llama3-1b": 0.0020997375328083985,
                "passat10_chatgpt": 0.30446194225721784
            }
        },
        "mutant_2": {
            "humaneval": {
                "passat10_codegen-2B": 0.018518518518518514,
                "passat10_codegen2-1B": 0.003703703703703703,
                "passat10_incoder-1B": 0.003703703703703703,
                "passat10_santacoder": 0.014814814814814815,
                "passat10_llama3-1b": 0.011111111111111108,
                "passat10_chatgpt": 0.10370370370370371
            },
            "mbpp": {
                "passat10_codegen-2B": 0.010843373493975902,
                "passat10_codegen2-1B": 0.0036144578313253004,
                "passat10_incoder-1B": 0.008433734939759035,
                "passat10_santacoder": 0.028915662650602407,
                "passat10_llama3-1b": 0.0,
                "passat10_chatgpt": 0.23855421686746994
            }
        },
        "mutant_3": {
            "humaneval": {
                "passat10_codegen-2B": 0.0,
                "passat10_codegen2-1B": 0.0,
                "passat10_incoder-1B": 0.00588235294117647,
                "passat10_santacoder": 0.01176470588235294,
                "passat10_llama3-1b": 0.00588235294117647,
                "passat10_chatgpt": 0.017647058823529415
            },
            "mbpp": {
                "passat10_codegen-2B": 0.0031746031746031737,
                "passat10_codegen2-1B": 0.0,
                "passat10_incoder-1B": 0.0,
                "passat10_santacoder": 0.012698412698412697,
                "passat10_llama3-1b": 0.004761904761904761,
                "passat10_chatgpt": 0.14603174603174598
            }
        }
    },
    "pass@3": {
        "mutant_1": {
            "humaneval": {
                "passat10_codegen-2B": 0.034210526315789476,
                "passat10_codegen2-1B": 0.00986842105263158,
                "passat10_incoder-1B": 0.013815789473684214,
                "passat10_santacoder": 0.06968201754385965,
                "passat10_llama3-1b": 0.03947368421052632,
                "passat10_chatgpt": 0.29720394736842104
            },
            "mbpp": {
                "passat10_codegen-2B": 0.038035870516185476,
                "passat10_codegen2-1B": 0.01410761154855643,
                "passat10_incoder-1B": 0.0312992125984252,
                "passat10_santacoder": 0.07195975503062117,
                "passat10_llama3-1b": 0.006299212598425198,
                "passat10_chatgpt": 0.5174759405074365
            }
        },
        "mutant_2": {
            "humaneval": {
                "passat10_codegen-2B": 0.055555555555555566,
                "passat10_codegen2-1B": 0.011111111111111113,
                "passat10_incoder-1B": 0.011111111111111113,
                "passat10_santacoder": 0.04197530864197531,
                "passat10_llama3-1b": 0.03333333333333334,
                "passat10_chatgpt": 0.21944444444444447
            },
            "mbpp": {
                "passat10_codegen-2B": 0.03172690763052209,
                "passat10_codegen2-1B": 0.010843373493975905,
                "passat10_incoder-1B": 0.025301204819277116,
                "passat10_santacoder": 0.07198795180722892,
                "passat10_llama3-1b": 0.0,
                "passat10_chatgpt": 0.4322289156626506
            }
        },
        "mutant_3": {
            "humaneval": {
                "passat10_codegen-2B": 0.0,
                "passat10_codegen2-1B": 0.0,
                "passat10_incoder-1B": 0.017647058823529415,
                "passat10_santacoder": 0.03529411764705883,
                "passat10_llama3-1b": 0.017647058823529415,
                "passat10_chatgpt": 0.049019607843137254
            },
            "mbpp": {
                "passat10_codegen-2B": 0.009523809523809525,
                "passat10_codegen2-1B": 0.0,
                "passat10_incoder-1B": 0.0,
                "passat10_santacoder": 0.03703703703703705,
                "passat10_llama3-1b": 0.014285714285714287,
                "passat10_chatgpt": 0.3158730158730159
            }
        }
    },
    "pass@5": {
        "mutant_1": {
            "humaneval": {
                "passat10_codegen-2B": 0.052840434419381785,
                "passat10_codegen2-1B": 0.01644736842105263,
                "passat10_incoder-1B": 0.023026315789473683,
                "passat10_santacoder": 0.10309628237259816,
                "passat10_llama3-1b": 0.06578947368421052,
                "passat10_chatgpt": 0.3699613617376776
            },
            "mbpp": {
                "passat10_codegen-2B": 0.05550347873182519,
                "passat10_codegen2-1B": 0.02223680373286672,
                "passat10_incoder-1B": 0.04920218306045078,
                "passat10_santacoder": 0.10231012790067907,
                "passat10_llama3-1b": 0.010498687664041995,
                "passat10_chatgpt": 0.6172874224055327
            }
        },
        "mutant_2": {
            "humaneval": {
                "passat10_codegen-2B": 0.09259259259259259,
                "passat10_codegen2-1B": 0.018518518518518517,
                "passat10_incoder-1B": 0.018518518518518517,
                "passat10_santacoder": 0.06584362139917695,
                "passat10_llama3-1b": 0.05555555555555555,
                "passat10_chatgpt": 0.27483833039388594
            },
            "mbpp": {
                "passat10_codegen-2B": 0.05153949129852744,
                "passat10_codegen2-1B": 0.018072289156626505,
                "passat10_incoder-1B": 0.04216867469879518,
                "passat10_santacoder": 0.10542168674698796,
                "passat10_llama3-1b": 0.0,
                "passat10_chatgpt": 0.5230445591891374
            }
        },
        "mutant_3": {
            "humaneval": {
                "passat10_codegen-2B": 0.0,
                "passat10_codegen2-1B": 0.0,
                "passat10_incoder-1B": 0.029411764705882353,
                "passat10_santacoder": 0.058823529411764705,
                "passat10_llama3-1b": 0.029411764705882353,
                "passat10_chatgpt": 0.07516339869281045
            },
            "mbpp": {
                "passat10_codegen-2B": 0.015873015873015872,
                "passat10_codegen2-1B": 0.0,
                "passat10_incoder-1B": 0.0,
                "passat10_santacoder": 0.059964726631393295,
                "passat10_llama3-1b": 0.023809523809523808,
                "passat10_chatgpt": 0.4036911060720585
            }
        }
    },
    "pass@7": {
        "mutant_1": {
            "humaneval": {
                "passat10_codegen-2B": 0.06951754385964912,
                "passat10_codegen2-1B": 0.023026315789473683,
                "passat10_incoder-1B": 0.032236842105263154,
                "passat10_santacoder": 0.12900219298245616,
                "passat10_llama3-1b": 0.09210526315789473,
                "passat10_chatgpt": 0.4201206140350877
            },
            "mbpp": {
                "passat10_codegen-2B": 0.06957567804024496,
                "passat10_codegen2-1B": 0.029549431321084865,
                "passat10_incoder-1B": 0.06585739282589675,
                "passat10_santacoder": 0.12677165354330708,